question	1	What is internal benchmarking and external benchmarking? How is benchmarking related to quality management? What are all three defined levels of benchmark? What is the difference between a benchmark and a standard? What is the difference between benchmarks and objectives? What is benchmarking in procurement? What is an example of benchmarking? What is benchmarking in simple terms? What is benchmarking used for? How do you implement benchmarking? What do you mean by benchmarking? What are the four types of benchmarking? Why is external benchmarking important? How do you create a benchmark?
question	2	Is it OK to do push ups every day? When should I take bodybuilding supplements? What should I do for bodybuilding? How can a skinny guy build muscle fast? What can I take for maximum muscle growth? Which supplements should I take for bodybuilding? Is a 30 minute workout enough to build muscle? How long should a workout be bodybuilding? Does creatine cause hair loss? Can I start bodybuilding at 40? How can I build muscle fast? Is rice good for bodybuilding? What is the best time to take protein? How long does it take for muscle growth?
question	3	What are the 3 types of brainstorming? What are the 4 rules of brainstorming? What is another word for brainstorming? What are creative activities for adults? How do you organize brainstorming ideas? Can you brainstorm by yourself? Who is the father of brainstorming? How do you use brainstorming in the classroom? What are brainstorming activities? What is the example of brainstorming? What is the purpose of brainstorming? What is the best way to brainstorm? What does Brainwriting mean? How do you brainstorm?
question	4	How many cigarettes does a chain smoker smoke a day? What age do most smokers die? How do you properly smoke a cigarette? What happens when you smoke for the first time? Can lungs heal after 40 years of smoking? Are you supposed to inhale cigarette smoke? How long does it take to smoke a cigarette? Does being high make you hornier? Is smoking 1 cigarette a week bad for you? Can 1 cigarette give you cancer? Is smoking 4 cigarettes a day bad? Is it OK to smoke 2 cigarettes a day? What is considered chain smoking? Is 1 cigarette a day bad?
question	5	How do I apply for a charitable grant? What is source of funding? What are the three types of capital? What is a funding grant? Where can I get funding for community projects? What is a grant for research? How do you get funding for a charity? What are the types of funding? What are 4 types of grants? What is community grant? What organizations give grants? What are the 5 sources of finance? What is a medical grant? How do researchers get funding?
question	6	How do you dye blonde hair back to brown? Will bleached hair go back to normal? How do I get my natural hair Colour back naturally? How do you use red protein filler when dying hair? Is darker hair dye less damaging? Can you color over bleached hair? What is the safest hair dye? Can I dye my hair brown after bleaching it? Does black hair exist? Does dying your hair brown damage it? Can you use box dye on highlighted hair? Will dying my hair back to brown make it healthier? What is a root blend? Can you put hair color over highlights?
question	7	stop at the scene of an accident hit and run
question	8	How do children learn language? Why students should learn a foreign language? Does learning a foreign language help you get a job? How many languages can a person learn? Is English hard for foreigners to learn? What is the easiest way to learn another language? What is the most common foreign language? How do you master a language? Can duolingo make you fluent? What is the best age for learning a foreign language? What are the advantages of learning a foreign language at an early age? Can you learn a language in your sleep? Why is it difficult to learn foreign language? What is the importance of language?
question	9	Does your lawyer go to mediation with you? What are the disadvantages of mediation? Do both parties have to agree to mediation? How long does mediation usually last? Can a mediator make decisions? How can I be successful in mediation? What is an example of mediation? How do I prepare for mediation? Should you dress up for mediation? What is the success rate of mediation? What happens if mediation doesnt work? What are the 5 steps of mediation? What percentage of cases settled at mediation? Can you bring evidence to mediation?
question	10	What are the 4 types of physical activity? How do I increase my aerobic running capacity? Is 5k aerobic or anaerobic? Can you do cardio aerobic exercise? What happens when you do aerobic exercise? Is running aerobic or anaerobic? Is running an aerobic exercise? What decreases during aerobic exercise? What are 10 benefits of physical activity? What are the 10 best exercises? How much physical activity do adults need? What fuel is used during aerobic exercise? What is the best aerobic exercise? How does aerobic exercise affect muscles?
question	11	What is spoofing and phishing? What is trade spoofing? What do you mean by spoofing? Can text messages be spoofed? What is spoofing attack? Is spoofing a crime? How does spoofing attack occur? Can I trace a spoofed call? What is blind spoofing? What is MAC spoofing attack? What is wireless spoofing? What is cyber spoofing? Is spoofing legal? What is DHCP spoofing attack?
question	12	Can I wash a shirt with acrylic paint? What kind of paint can be used on fabric? Can you put fabric paint in a spray bottle? How do you apply acrylic paint to fabric? Can you use regular paint on fabric? How do you spray paint fabric? How do you set fabric paint? What spray paint is best for fabric? How do you paint on fabric? Does spray paint wash cars? Can you spray paint canvas? Can you wash spray painted clothes? Does fabric paint wash off? How long does spray paint take to dry on fabric?
question	13	What is Washoku? What vegetables do the Japanese eat? Is Tempura better than fried? What is the most delicious food in the world? What is the national dish of France? What is a Nippon? Do Japanese eat broccoli? What is Okura Japanese? What is Japanese fried food called? What oil do Japanese cook with? What are some traditional Japanese foods? What is the difference between tempura and batter? Do Japanese eat potatoes? Is it rude to eat with a fork in Japan?
question	14	Why mother is important in our life? What is a toxic parent? What is the role of mother? What are some good words to describe your mom? How do you deal with your parents not loving you? What a bad parent? What makes a mother a mother? How do you show love and respect to your parents?
question	15	remember back to the future
question	16	What is the song in Braveheart? What is the Braveheart theme tune called? Who is the wife in Braveheart? When did England invade Scotland? Did Robert the Bruce really betray Wallace? Did Robert the Bruce know Wallace? What does Robert the Bruce mean? Who wrote for the love of a princess? Where is Braveheart filmed? Why do they say Mcculloch in Braveheart? Is Robert the Bruce A sequel to Braveheart? Who plays the princess in Braveheart? What movie has the song for the love of a princess? Is the movie Braveheart historically accurate?
question	17	give fives give me five
question	18	What is the importance of road safety? What is the purpose of the rules of the road? Who has right of way when turning into a road? What is offside to offside in driving? Why we should follow safety rules on the road? What are the rules for crossing the road? What is the first rule of driving? What is the 12 oclock rule? Why we should follow traffic rules? Who goes first at stop sign? Is it necessary to follow traffic rules? What rules should be followed while crossing the road? Do traffic laws apply on private roads? Who wrote rules of the road?
question	19	Can I leave my 9 year old home alone UK? What age can a child babysit UK? Can a 7 year old stay home alone for an hour? Can I leave my 9 year old home alone? Why parents abandon their child? HOW LONG CAN 8 year old stay home alone? How many fathers leave their families? What age can you leave your child home alone? Can I leave my 10 year old home alone? HOW LONG CAN 9 year olds stay home alone? At what age should you let your child go out with friends? Can you leave a 16 year old home alone for a week? What age can kids babysit?
question	20	What foods make you run faster? Do long runs make you faster? How do you breathe when running? How do I run for longer? Does running reduce belly fat? What running for a month does to your body? Does running make your butt bigger? Is jogging 3 times a week enough? Can running give you abs? Is running for 30 minutes good? What happens when you run fast? Is jogging enough exercise? How fast is an easy run? Does running burn fat?
question	21	What is an example of monologue? What should you not do in a monologue? Should I use an accent in an audition? What was Shakespeare accent? Why does Shakespeare use blank verse? How do you choose a monologue for an audition? What is a general audition? How many words is a monologue? Did Shakespeare have a Brummie accent? What are the two types of monologue? What words did Shakespeare invent? What is an example of blank verse? Which American accent is closest to British?
question	22	How do I subscribe to Showtime? Can you get Showtime? Can you watch Showtime in the UK? Is Showtime free with Amazon Prime? Is Showtime a good channel? Is Showtime On Demand Free? Can I get Showtime without cable? Does HBO own Showtime? Is Epix free with Amazon Prime? What movies are on Showtime Hulu? What movies are currently on Showtime? Do you have to pay for Showtime? What channels are on Showtime? Can you get Hulu in UK?
question	23	Do birds mourn? Do birds abandon eggs if touched? What abandonment does to a child? What animal abandons their young? Do Mother birds abandon their babies? What happens to unhatched bird eggs? Will a bird return to a disturbed nest? How long can baby birds survive without their mother? Will animals abandon their young if you touch them? Why do birds abandon their young? How many babies are abandoned each year? Can you legally abandon your child? What makes a mother abandon her child? Do animals reject their young?
question	24	obsess striptease
question	25	forget take on me
question	26	come terms of endearment
question	27	watch the devil wears prada the devil wears prada
question	28	watch full episode of robot chicken the wizard of oz
question	29	watch movie with english subtitle the incredible hulk
question	30	make love with a girl the paper
question	31	Is isagenix a MLM? Are pyramid schemes illegal? How do you explain a pyramid scheme? Is Rodan and Fields a MLM? Is Mary Kay a MLM? Is MLM a pyramid scheme? Is shop com a pyramid scheme? Is Pampered Chef a pyramid scheme? Why is pyramid scheme illegal? Is Arbonne a pyramid scheme? What pyramid sold UK?
question	32	What is the story of The Sixth Sense? Does Split go with glass? Is Mr Glass in Split? Where was the sixth sense filmed? Is there a sixth sense? Is unbreakable connected to Sixth Sense? Who was the child actor in Sixth Sense? Is glass connected to split? What is the 6th Sense called? What is the movie that says I see dead people? Was Haley Joel Osment dead in The Sixth Sense? How old is Haley Joel Osment? Who wrote sixth sense? How many senses do we have?
question	33	meet a good woman the tall man
question	34	Is it healthy to eat one meal a day? Is it OK to eat one big meal a day? How can I boost up my metabolism? Can I eat 6 eggs a day? Can I lose weight by walking? Does the 14 day boiled egg diet work? What is TMAD diet? Can you lose weight by eating once a day? Can you lose weight by not eating? How can I speed up ketosis? How can I lose weight if I cant lose weight? Why do I struggle to lose weight? Can you lose weight by eating only eggs? Does fasting slow your metabolism?
question	35	make trust trust me
question	36	watch porco rosso ( 1992 ) porco rosso
question	37	Can you wear black dress to prom? Which Colour is best for night function? What colors look best on pale skin? What colors work well together? Is it okay to wear a short dress for prom? How do I find the right prom dress for my body type? What is the most common prom dress color? What is the best color to wear to prom? How much is a prom dress? Can you wear white to prom? Which color is best for night party? What is the most popular dress color? How early should you get a prom dress?
question	38	What song is playing in this video? Can Google identify songs? Can Siri identify a song by humming? Can you hum into SoundHound? Whats the app that identifies songs? Can Siri identify songs? Does Shazam cost money? Which is better Shazam or SoundHound? Can you hum a song to Shazam? Is SoundHound free? How do I identify a song on my iPhone? How do I identify a song? How do I search for music on Google? How can I find a song name?
question	39	Who is Jadu Koi Mil Gaya? What is HRX by Hrithik Roshan? Who is the villain of Krrish 4? Which movie shot in khajjiar? Who is the heroine of Koi Mil Gaya? Where was Krrish shot in India? How rich is Hrithik Roshan? Where was Koi Mil Gaya movie shot? Who is the hero of Krrish 3? Who is father of Krrish? What is the story of Krrish 3? Is Koi Mil Gaya a copy of ET? What is the story of Krrish 4? What is the budget of Krrish 3?
question	40	win emmy law & order: special victims unit
question	41	How many hours is the Simpsons? How many episodes are there in Lost Season 3? Who are the others lost? What happens in Lost Series? How long is the last episode of Lost? How many hours is lost? Where is the island from Lost? Who is the bad guy in Lost? Does Jack die in Lost? Who is the monster in Lost? What TV show takes the longest? What is the longest binge watch? What are lost episodes? Is Lost series on Netflix?
question	42	watch this video mary poppins
question	43	How do you hold a baby shower? How long should a baby shower last? What can you do instead of baby shower games? What kind of food do you serve at a baby shower? Do you serve alcohol at a baby shower? Is it rude to bring your child to a baby shower? Are baby showers held on Saturday or Sunday? Should children be invited to a baby shower? What are some examples of finger foods? What games are played at baby showers? Do you open gifts at a baby shower? Do you have to serve food at a baby shower? What happens at a baby shower? WHO plans a baby shower?
question	44	Why do the ruins of the Chernobyl disaster need to be covered? How long can you survive in Chernobyl? How long did Chernobyl burn? Is it safe to go to Chernobyl? How does radiation kill? Is Chernobyl reactor 4 still burning? How many people did Chernobyl kill? Who was responsible for Chernobyl? When did Chernobyl close? Who caused the Chernobyl disaster? How did they stop the Chernobyl disaster? What countries were affected by Chernobyl? How bad was the Chernobyl disaster? Can you live in Chernobyl now?
question	45	Can you watch Formula 1 on Amazon Prime? Do f1 drivers wear diapers? Does f1 car have abs? Are f1 drivers the fittest athletes? Do f3 drivers get paid? Can you drive a Formula 1 car? Can an f1 car be street legal? Will Channel 4 have f1 highlights in 2019? Why do f1 drivers need to be fit? Can you watch f1 on Amazon Fire Stick? Do f1 drivers use both feet? What is f1 TV Pro? How do you become a f1 driver? How fast do Formula 1 cars drive?
question	46	What does graduate in absentia mean? Can you wear jeans to a graduation party? What happens if you dont go to your graduation? Do you get to keep your cap and gown? Does the Open University have a graduation ceremony? Do you have a graduation ceremony for a HNC? Do you have to attend your graduation ceremony? Do you get your diploma at graduation high school? What is difference between graduation and commencement? Do you have to pay for Open University? Where are OU graduation ceremonies held? What should a guest wear to a graduation ceremony? Are you supposed to wear white at graduation? What should parents wear to a graduation?
question	47	How long is a honeymoon? Is Bali expensive for honeymoon? Who pays for the honeymoon? How much is the average honeymoon? Is Greece good for honeymoon? Which country is best for honeymoon? What are the top 10 honeymoon destinations? Where do couples go in Greece? What is the cheapest honeymoon destination? Is Santorini good for honeymoon? Which is the most romantic Greek island? How do people afford a honeymoon? What is the most romantic honeymoon destination? Why do couples go on honeymoon?
question	48	How long does it take to get a passport after citizenship ceremony? What documents do I need for British citizenship? How long after indefinite leave to remain can I apply for citizenship? Can I leave the UK after applying for citizenship? What is the waiting time for British citizenship application? Is Naturalisation the same as citizenship? How long does it take for UK citizenship application to be approved? How do I apply for British citizenship? Can I apply for British citizenship and passport at the same time? How much is it for British citizenship? How long does it take to get a passport? What documents do I need to apply for citizenship? How long does citizenship application take?
question	49	issue indictment islamic terrorism
question	50	How much did Live Aid raise in the UK? Did Michael Jackson do Live Aid? Why did John Deacon leave queen? Who Turned Down Live Aid? Who introduced Queen at Live Aid? How did Jim Hutton die? When did Jim Hutton die? Who stole the show at Live Aid? What was Queen last concert? How much money did Live Aid raise in US dollars? How much money did Live Aid generate? What wasnt true in Bohemian Rhapsody? What was Freddie Mercury worth? Did Queen really save Live Aid?
question	51	believe the exodus
question	52	How many people died during WWII? Which country won the World War Two? Did the Allies win World War 2? Why did Germany lose WWI? Who started World War 3? Why did World War 2 start? How did World War 2 ended? When did Germany start losing ww2? Why did the Japanese surrender during WWII? What did the D stand for in D Day? Who won World War 1? Did Germany or Japan surrender first? Why did Germany invade Poland? Why did Japan join WWII?
question	53	pevent flood
question	54	Can we make anti gravity? What is the reaction force of gravity? Does gravity have a frequency? How does anti gravity work? Does zero gravity exist? At what height Earth gravity is zero? What force opposes gravity? Who invented anti gravity? How does NASA simulate zero gravity? Is dark energy the opposite of gravity? Is gravity really a force? Is negative mass possible? What is the name of the zero gravity lab used for research in the space exploration?
question	55	embed a sound in a html page html
question	56	How do I debug PHP? What is xdebug PHP? How do I debug using xdebug? How do you debug a server? How do I debug PHP in atom? How do I debug PHP code in Visual Studio? What is program debugging? Where can I find PHP INI file? How do I install xdebug? What are the PHP functions? What is xdebug used for?
question	57	How do I start grammar? What are the 12 English tenses? How do you speak with clarity? What are the elements of grammar? What are the 8 parts of speech in English? What is general grammar? How can I learn English grammar easily? How many words are there in basic English? What are the different types of grammar? How can I improve my English grammar and vocabulary? How do I start teaching English grammar for beginners? What are the five rules of language? How do we communicate in English? What are the basic grammar in English?
question	58	What does a free school mean? What age do you start nursery UK? How many hours does a 3 year old get funded? What are childcare vouchers and how do they work? Is nursery free in UK? How do you qualify for 30 hours free childcare? Do you have to apply for 15 hours free childcare? Do both parents have to work to get 30 hours free childcare? How much is child benefit? Can my 2 year old get free childcare? What age do you get free childcare? Can I get 2 year old funding? Are public schools free? Is 30 hours free childcare weekly or monthly?
question	59	What are types of job satisfaction? What are the most depressing jobs? What do you mean by job satisfaction? What is the least stressful job? What are the happiest jobs? What are the top 10 most stressful jobs? What are the major causes of job satisfaction? What to do when you are not satisfied with your job? How can I be happier at work? What factors affect job satisfaction?
question	60	What are the types of beliefs? What word means strong belief? What is a belief in psychology? What is the concept of belief? What is the difference between belief and believe? What is a belief statement? What is the past tense of belief? What is a popular belief? What is the plural for belief? What are attitudes? What is the synonym of belief? What a word for believing in someone? What is a belief example? What is a common belief?
question	61	teach tagalog language
question	62	What is the difference between conservation and preservation? How can we minimize global warming? What is a conservation group? What is intrinsic value in environmental ethics? What causes the Earth climate to change? What do you mean by environment? What is Ecofeminism theory? What is an example of environmentalism? What is the difference between conservation and environmentalism? What can we do to prevent climate change? What is climate change awareness? What is meant by environmental ethics? What are environmentalists goals?
question	63	How do you reference a book in an essay? What is a bibliography in an assignment? How do you write a bibliography for a school project? How do you arrange a bibliography? How do I write a bibliography? How do you write an APA bibliography? What a bibliography example? How do you write a bibliography Harvard style? How do you reference in an essay? What do you mean by bibliography?
question	64	Do shared mailboxes automatically show up in Outlook? Can you email files to box? How do you send a group email on outlook? How do you send a professional email? How do you send an email as an attachment? How do I send an email using Outlook? Why are my emails going to outbox and not sending? How does email spoofing work? What is the difference between Send As and Send on Behalf? How do I create and send an email? How do I send an email from a shared mailbox in Office 365? Is it possible to send an email from someone else account? How do I send an email on behalf of a shared mailbox? How do I fix Outlook not sending emails?
question	65	How do I create a custom route in Google Maps? How do I use Google Maps? How do I drag a route in Google Maps? How do I create a Google map with pins? What is the difference between Google Maps and Google My Maps? How do I use Google Maps on Android? Can I create a route on Google Maps app? Can you plot a route on Google Maps? What is the Google Maps lady name? How do I get my map to talk?
question	66	Can you insure a house before settlement? Do you have to insure a house on exchange? Do you need legal cover on home insurance? How much is home insurance a month? Who are the best home insurance companies? Is it best to get buildings and contents insurance together? How do solicitors exchange contracts? Can you claim roof repairs on insurance? How much property insurance do I need? Which insurance company is best for paying claims? Who insures a house between exchange and completion? What is covered by building insurance? Who are the top 5 insurance companies? How can I lower my homeowners insurance?
question	67	Does VoIP work without Internet? Is fixed VoIP a cell phone? How does a VoIP phone work? Does VoIP affect Internet speed? How much does VoIP cost? Can you use normal phone for VoIP? Do you need a phone line for VoIP? Is VoIP a landline? Is WhatsApp a VoIP? Are VoIP calls free? Can I use my regular phone with VoIP? Why is VoIP bad? Is VoIP better than landline?
question	68	Why is it important to separate religion from the state in democratic societies? What refers to the separation of religion from the state? Who is called secular? Where does separation of church and state come from? When did the separation of church and state happen? What does the Constitution say about religion? Why is it important to separate religion from the state? What are the three objectives of a secular state? Why was the Bill of Rights written? How many times is God mentioned in the Constitution? What was the purpose of separation of church and state? What do you mean by secularism? What does the Constitution say about the separation of church and state? Why are churches tax exempt?
question	69	How many exams are there in IIT? What is the minimum marks for NIT? Can we cheat in JEE mains? What is the good score in JEE mains? What are the entrance exams for IIT? What rank is required for IIT Bombay? Can an average student crack IIT? How many students are selected in IIT every year? How can I get admission in IIT entrance exam? How can I get into IIT without jee? What is the minimum marks for IIT? Can we join IIT after 10th? What is IIT full details? Can I join IIT after BSC?
question	70	watch history of television
question	71	How long does it take for acupuncture to work? Does acupuncture really work? Can acupuncture damage nerves? Does acupuncture help arthritis? What are the negative side effects of acupuncture? What is the best painkiller for nerve pain? Does acupuncture reduce inflammation? Does acupuncture help anxiety? What conditions can be treated with acupuncture? What is acupuncture used for? Does acupuncture help back pain? Does acupuncture release endorphins? How does acupuncture work for pain? What should I do after acupuncture?
question	72	What is Apgar score at birth? Why is vitamin K given to a newborn? How often is Apgar score done? What is the white greasy substance found on the baby skin at birth? Is the Apgar score still used? What causes a low Apgar score? What is Apgar score mean? How common is an Apgar score of 10? What does an Apgar score of 6 mean? Is vitamin K necessary for newborns? What do Apgar scores predict? What are the 5 Apgar scores? What is rooting reflex? What condition may cause a baby skin and eyes to look slightly yellow?
question	73	Can asthma be cured completely? Can asthma damage your lungs? How can I get rid of asthma fast? What is difficult asthma? What do doctors prescribe for asthma? Is coffee good for asthma? How can I control my asthma? How can I control my asthma without an inhaler? What helps asthma naturally? Is honey good for asthma? What drink is good for asthma? Is apple cider vinegar good for asthma? What is the best treatment for asthma? What should you eat when you have asthma?
question	74	How do you heal lower back pain? Is walking good for lower back pain? How can I get rid of my back pain? How should I sleep if my lower back hurts? How do I relax my back muscles? Will lower back pain go away? What is the best treatment for lower back pain? What exercises help back pain? How do I stop my lower back from hurting? How should I lay in bed with lower back pain?
question	75	Which food is good for children brain? How does brain develop? What are the critical periods in brain development? At what age does the brain reach neurological maturity? What ages does the brain develop the most? How can I make my child smart and intelligent? How do I know if my baby is intelligent? How can I sharpen my brain? What is the best vitamin for memory? What stage does the brain develop? What is the best brain supplement? Which food is good for brain? What part of the brain controls memory? How can I develop my baby brain?
question	76	How does carpal tunnel syndrome affect movement? How can you tell the difference between carpal tunnel and arthritis? What will happen if carpal tunnel syndrome is not treated? What foods help carpal tunnel? What causes carpal tunnel to flare up? What are the warning signs of carpal tunnel syndrome? Which hormone overproduction is associated with carpal tunnel syndrome? What is the best medication for carpal tunnel pain? How do they test for carpal tunnel? Is Carpal Tunnel an autoimmune disease? Is carpal tunnel a disability? Does typing make carpal tunnel worse? Which fingers are affected by carpal tunnel? Can menopause cause carpal tunnel syndrome?
question	77	Where is DNA used? What is the origin of DNA? How can DNA identify a person? What exactly is a DNA? Is DNA admissible in court? How much DNA is required for testing? What methods are used to test DNA? How fast can a DNA test be done? When did DNA testing begin? What are 3 main DNA typing techniques? What is a DNA fingerprint and how is it used? How a DNA sample is collected? Who founded DNA testing? What is considered DNA?
question	78	Can you get hep C from saliva? How would you know if you had hepatitis? Can Hep C be found in routine blood tests? What blood test shows Hep C? How long can a person live after being diagnosed with Hep C? What blood tests detect hepatitis? Can Hep C go away on its own? Is Hepatitis an STD? Can you get hep C from a small cut? How do you confirm hepatitis? What does hep C rash look like? Who should be tested for HCV? What happens to your body when you have hepatitis? What are the early symptoms of hepatitis?
question	79	What does it mean when you cant sleep at night? Is insomnia a sign of cancer? Is insomnia a mental illness? What is insomnia a symptom of? Do bananas help you sleep? What is the best treatment for insomnia? What are the 3 types of insomnia? Do bananas help with insomnia? Can dehydration cause insomnia? How can I stop my insomnia? What is the main cause of insomnia? What defines insomnia? What foods can cause insomnia? Why I Cannot sleep at night?
question	80	How long can you live on dialysis? Who pays if you donate a kidney? How long can you live with one kidney? What would disqualify you from donating a kidney? Do I get paid to donate a kidney? How long is kidney donation recovery? What is required to donate a kidney? What are the side effects of donating a kidney? Does donating a kidney shorten your life? Is donating a kidney painful? Is it dangerous to donate a kidney? How much does it cost to donate a kidney? Can you sell your poop?
question	81	Can naproxen cause weight gain? Is taking naproxen dangerous? Is naproxen a muscle relaxer or pain killer? Is there withdrawal from naproxen? Does naproxen affect sleep? Can I drink alcohol with naproxen? What are the side effects of naproxen? Is naproxen better than ibuprofen? Can I buy naproxen over the counter? Can naproxen cause fluid retention? Is naproxen a strong painkiller? Is naproxen an opioid? What is the fastest way to get rid of water retention? Is it safe to take naproxen every day?
question	82	Can a pelvic fracture cause incontinence? Can you break your pubis? What does a cracked hip feel like? Do you cast a broken pelvis? How long does it take for a fractured pubic bone to heal? Can you walk with a pelvic stress fracture? What is a fractured pubic Rami? Is there a bone in your groin? What is Pubic Ramus? Is a pubic rami fracture considered a hip fracture? Can you break your pubic symphysis? Can you walk around with a broken pelvis? Where is the pelvis located? What are some signs and symptoms of a pelvic fracture?
question	83	What is normal respiratory depth? What is a focused respiratory assessment? Why is respiratory assessment Important? What is clinical assessment? What are the 5 main functions of the respiratory system? How is the respiratory system measured? Is 30 breaths a minute normal? What is the first step in a physical assessment? What is included in a respiratory assessment? What is normal respiratory effort?
question	84	boost self-esteem
question	85	What causes vasodilatory shock? What is irreversible shock? What are the 4 types of shock? Can Shock kill you? How long does shock last for? What are the effects of shock? Which body systems are affected by shock? What is the shock? How do you diagnose shock? What is a traumatic shock? What are the main causes of shock? What are the common signs of shock? What is neurogenic shock? What does it mean to go into shock?
question	86	How do you exfoliate your skin? What is the number 1 skincare brand? What food causes pimples? How can I improve my skin health? How can avoid pimples? What foods improve skin tone? How do I take care of my skin? Which vitamin is good for skin? How can we get glowing skin? Which fruit is good for skin? How can I protect my skin from the sun without sunscreen? How can I protect my skin naturally? What is a good skin care routine? What is the best natural sunscreen for face?
question	87	What causes speech disorders? Can anxiety cause aphasia? What are the different types of speech disorders? How can I help my child with speech articulation problems? What neurological disorders cause speech problems? What are the three basic types of speech impairments? What can cause speech problems in adults? What are the three types of aphasia? What do speech sound disorders affect? What are speech therapy techniques? What are some speech disorders? Do speech problems run in families? How do I become more articulate? What part of the brain controls speech?
question	88	What is spinal muscular atrophy type 2? What is the life expectancy of someone with spinal muscular atrophy? Is Spinal Muscular Atrophy curable? How is SMA diagnosed? Is Spinal Muscular Atrophy painful? What are signs of atrophy? Does spinal muscular atrophy affect the brain? Are you born with spinal muscular atrophy? What are the signs of spinal muscular atrophy? What are the two types of atrophy? How many people have spinal atrophy? Is Spinal muscular atrophy hereditary? What is muscular spinal atrophy? What is Hoffman disease?
question	89	What exercise increases testosterone most? Is milk bad for testosterone? Do almonds increase testosterone? Does exercise increase testosterone? Which foods kill testosterone? Do eggs increase testosterone? Does broccoli raise testosterone? Can testosterone increase size? Do almonds lower testosterone? Can Testosterone be increased naturally? Does cardio increase testosterone? Do bananas increase testosterone? What causes low testosterone in men? Which foods increase testosterone the most?
question	90	What is the main function of t3 and t4? What hormone does the thyroid gland produce? What is the main function of thyroid hormone? How much thyroid hormone does the body produce? How do thyroid hormones work? What are the functions of thyroxine hormone? What is needed for thyroid hormone production? What foods are bad for thyroid? What happens if thyroid is too low? What affects thyroid function? What is the main cause of thyroid problems? Does thyroid affect metabolism? Can thyroid affect pancreas? How do you increase thyroid function?
question	91	Can you see trichinosis in meat? Can you get trichinosis from bacon? How does pork get trichinosis? How does trichinosis spread? Can you eat raw bacon is cured? How can you tell if you have trichinosis? How common is trichinosis in pork? Is trichinosis still a problem with pork? What happens if you accidentally eat raw pork? Can you get rid of trichinosis? What temp kills trichinosis? Does freezing pork kill trichinosis? What animals carry trichinosis? Can you eat elk medium rare?
question	92	prevent urinary incontinence
question	93	Is O Negative better than O positive? How long can you live on dialysis? Which blood type is in high demand? Who Cannot donate blood? Do you have to have the same blood type to donate a kidney? What is the golden blood type? Is O+ A universal donor? What is the rarest blood type? What blood group is the best? What blood types should not have babies together? Can O+ blood donate to anyone? Can O+ and O+ have a baby? Why is O positive so common? Which parent determines the blood type of the child?
question	94	wear adidas
question	95	Is AOL still a good email provider? Does AOL offer free email? How many people still subscribe to AOL? Does AOL still exist in 2019? Does anybody still use AOL? How do I transfer my AOL mail to Gmail? How do I access my AOL email? How do I stop paying for AOL? What is AOL com used for? Did AOL change their email settings? When did AOL end? Do I need to pay for AOL Mail? What are AOL email settings? What is the IMAP password for AOL?
question	96	drink bacardi
question	97	sell big oil
question	98	Is 150 90 A good blood pressure? Where are BP headquarters? Who is BP owned by? What was BP originally called? How do I read my blood pressure? What is a good pulse rate? What is good blood pressure by age? What is a normal blood pressure range? Does Shell own BP? What does BP mean on Snapchat? What is low BP range? Which number is more important in blood pressure? Is BP owned by the British? What is a good pulse?
question	99	Who has the most Super Bowl rings? Who did Peyton Manning beat in the Super Bowl? Who owns Bank of America Stadium? Who bought Carolina Panthers? How much did the last NFL team sell for? What did Carolina Panther owner do? Where did the Carolina Panthers come from? Has Carolina ever won a Superbowl? When did the Carolina Panthers go to the Super Bowl? Why was Super Bowl 50 not in Roman numerals?
question	100	win chicago white sox
question	101	How much does ESPN+ cost? What channel is ESPN app? Can you stream ESPN for free? Can you watch ESPN on the ESPN app? Is ESPN free on Amazon Fire Stick? Is WatchESPN the same as ESPN? How do you watch ESPN online? What devices support ESPN+? What channel is ESPN on DirecTV? Can you watch ESPN on TV? Can I stream ESPN on Roku? Can I watch ESPN without a TV provider? Can you watch ESPN on Amazon Prime? What channels comes with Orby TV?
question	102	How do I call FedEx? What happens when FedEx Cannot deliver a package? How late can a FedEx package come? How do I contact FedEx about my package? Can I call FedEx about a package? How do I speak to a human at FedEx? What time will my package arrive? Does FedEx call when they deliver? How many days does FedEx work? How do I find my FedEx account representative?
question	103	watch fifa
question	104	What companies are owned by Ford? What is the best Ford car to buy? Does Ford own Jaguar? Is Mazda owned by Ford? Is Ford a UK company? Does Ford own Hyundai? How do I contact Ford recall? Does Ford own Cummins? Who owns the Ford Motor Company? Does Ford own Aston Martin? How do I file a complaint with Ford Motor? What does Ford stand for? What is Ford warranty? How do I contact Ford Motor Company?
question	105	What is an IBM partner? What makes IBM? Is IBM a good company? What is IBM cloud called? Is Watson a supercomputer? What is the salary for freshers in IBM? How do I check my IBM application status? Does IBM do background verification? What is IBM cloud platform? How do I prepare a cover letter? Does Lenovo own IBM? How long is IBM hiring process? What is w3id? How do I get an IBM ID?
question	106	build isuzu motors
question	107	Which party is conservative? What is a majority government Canada? Is liberal/left or right? Is the NDP left or right? What was Bill Clinton slogan? What does a minority government mean? What does a minority government mean in Canada? What does Liberal Party mean? What is the Liberal Party slogan? What do conservatives stand for? How many seats is a majority in Canada? Which party is left wing? What are democratic beliefs? What does the Liberal Party stand for in Canada?
question	108	How much does it cost to play Little League baseball? How do you start a Little League program? Can pitchers wear sunglasses in Little League? What are the age groups for Little League Baseball? How far is the pitcher mound for 8 year olds? Can you steal bases in Little League? How many 12 year olds can a Little League team have? Can a Little League pitcher pitch 3 days in a row? What percentage of Little League players make it to the MLB? How do I start a youth sports organization? Can you play up in Little League? Who is the lowest paid major league baseball player?
question	109	Who is the greatest Lakers of all time? Has any NBA team won 4 championships in a row? How many wins do the Lakers have? Who owns NBA teams? Why are the LA Lakers called the Lakers? Who is the richest NBA owner? What team does Magic Johnson own? How many times did Kobe miss the playoffs? How much Magic Johnson is worth? Where are the Lakers from originally? Who owns LA Lakers? Who is Phil Jackson engaged to? Which Laker has the most rings? What was the best Lakers team?
question	110	announce retirement major league baseball
question	111	perform ballad maroon 5
question	112	Is Maybelline vegetarian? How many products does Maybelline have? Is Maybelline SuperStay discontinued? What brands does Maybelline own? Where are Maybelline products made? Who is the owner of Maybelline cosmetics? Is Loreal vegan? Is Nyx made in China? What are the best Maybelline products? What are the products of Maybelline? How do I contact Maybelline UK? Where is Maybelline located? Is Maybelline lipstick made in China? How long has Maybelline been around?
question	113	What is Shaq worth? Has any NBA team won 4 championships in a row? When did the Miami Heat win the championship? What is LeBron James net worth? How many championships did LeBron win with Miami Heat? Who did the Bulls beat to win their championships? How many rings does Magic Johnson have? Is Shaquille ONeal still married? Did Shaq win a championship with the Heat? Who most NBA rings? How much does it cost to buy the Miami Heat? Who owns the heat? Has Miami Heat won a championship? What age did Jordan retire?
question	114	unlock motorola c975 motorola
question	115	Does ASUS own Nvidia? How do you troubleshoot a graphics card? Which graphics card is better Nvidia or Radeon? Where is the headquarters of Nvidia? Can a GPU crash a computer? What does Nvidia do on my computer? How do I know if my power supply is dying? Is GeForce now free? Can you uninstall GeForce experience? How do I know if I have bad RAM?
question	116	What is PETA doing to stop animal cruelty? What is the goal of PETA? How many animals does peta save? How many animals does PETA euthanize every year? How much does the CEO of PETA make? How many animals did PETA kill in 2018? Do animals have rights? What does PETA do for animals? Is PETA against pit bulls? How much does PETA lobbying cost? Does PETA approve of pets? Is PETA an NGO? Is PETA a reputable organization? Is PETA a pressure group?
question	117	Where is the hero Challenge golf? Does the Hero World Challenge count as a PGA Tour win? Is Tiger Woods in the Golf Hall of Fame? Who has won the most PGA tournaments? How many wins does Tiger Woods have on the PGA Tour? What tournament does Tiger Woods host? Who has the most hole in ones? How rare is a hole in one? Is the Hero World Challenge an official PGA event? Who is the mother of Tiger Woods son?
question	118	operate route singapore airlines
question	119	get insurance tiscali
question	120	extend visa visa inc.
question	121	How long does it take to get hired at Walmart? Can I apply for a job at Walmart in person? How much does a stocker make at Walmart? Does Walmart do background checks before hiring? How do I check my application status for Walmart? What are the positions at Walmart? Does Walmart do drug tests? How can I get a job quickly? What is the highest paying job at Walmart? How do I apply for a job at Walmart? What is the Walmart Assessment Test? How long does a background check take for Walmart? How long is your lunch break at Walmart? Does Walmart pay $15 an hour?
question	122	apply for a job  university of houston
question	123	work lawyer abraham lincoln
question	124	What is the purpose of the Turing test? What is the Chinese Room experiment? Why is the imitation game called the imitation game? Who was Eliza? Is Captcha a Turing test? How many computers have passed the Turing test? What does Eliza mean? What is the Turing test and how does it work? Who invented the Turing test? Has any robot passed the Turing test? What does it mean to pass the Turing test? When was the Turing test passed? Can Siri pass the Turing test? Did Eliza pass the Turing test?
question	125	discover secrets aristotle
question	126	study relationship barbie hsu
question	127	What is poison ivy weakness? Who is Spider Man greatest enemy? Who was the best Batman? Is Affleck leaving Batman? Who killed Batman parents? Is Jerome the Joker? Is there a Gotham season 6? Which female villain is an enemy of Batman? Is Catwoman a villain or hero? Who is gonna play the new Batman? Who was the first super villain? Who is the villain in the Batman? Who is Batman most dangerous enemy? Who were all the villains in Batman?
question	128	What is the Queen German name? Why does England have a royal family? Is Meghan Markle a princess? Which is the most powerful royal family? Does the Queen have a passport? What is HRH in Royal Family? How much does Queen Elizabeth make? Does the royal family get paid? What is the Queen official title? What nationality is the Queen of England? Who was the royal baby named after? What is the husband of a princess called? How does the royal family get their titles? What does the Princess Royal mean?
question	129	sings jazz diana ross
question	130	What was Jason Kidd known for? Did Jason Kidd get fired? What is Jason Kidd net worth? Does Jason Kidd have a college degree? Is Jason Kidd coaching the Lakers? Is Jason Kidd a Hall of Famer? Where did Jason Kidd go to high school? How much is Jason Terry Worth? What position is Jason Kidd? Who are Jason Kidd parents? When did Jason Kidd retire? Is Jason Kidd white or black? What is Jason Kidd nationality? How much does Jason Kidd make?
question	131	How much is Jean Claude Van Damme worth? What is Tom Cruise worth?
question	132	Is Jesus the tree of life? What is the Tree of Life Bible version? Did Jesus have a child? How many trees are mentioned in the Bible? What was Jesus last words? What does the Bible say about the fig tree? What age did Jesus die at? Why is the Fig Tree important in the Bible? What plants are mentioned in the Bible? Are roses mentioned in the Bible? Who was hung with Jesus? What is 4 20 in the Bible? What does the cedar tree represent in Lebanon? What does the Apple mean in the Bible?
question	133	What is a Well Tempered Clavier? Who is the best composer of all time? Why is Bach so famous? What does Bach mean? How do you spell Johann? What was Bach favorite instrument? What are Bach most famous works? How do you pronounce Bach? What is tempered scale? What is tempered tuning? How did Bach die? What does BWV mean? Who is the most famous composer?
question	134	watch premiere kathy griffin
question	135	left money luther vandross
question	136	Where does Pope live? Did the pope come to America? How much does the Pope cost? Does the Pope pay tax? What does Pope Benedict do? When did the pope last come to England? Does the Pope leave the Vatican? How many times has the pope visited America? Why did Pope Benedict XVI resign? When did the pope first visit the United States? Has the Pope ever been to England? How long has Pope Francis been pope? When did the pope visit Glasgow?
question	137	become man prince charming
question	138	What Grand Slams did Federer win? Why is Nadal so good on clay? What is John McEnroe net worth? Who is the richest athlete? Who is the oldest man to win Wimbledon? Do tennis players pay for travel? Who has beaten Federer the most? How much does Rolex pay Roger Federer? Who better Nadal or Federer? What are the 5 tennis Grand Slams? How much is Roger Federer worth? What is Serena Williams net worth? Who is the greatest tennis player of all time? What years did Federer win Wimbledon?
question	139	find hidden talent samuel beckett
question	140	beat niculescu serena williams
question	141	Where is singer Tink from? What Tink real name? What does Tink mean on twitter? What high school did tink go to? What is tinks net worth? How old is Tink the singer? How much money is lizzo worth? How old is Timbaland? Who is Tink father?
question	142	live with passion tony robbins
question	143	Does Vin Diesel have tattoos? Is Vin Diesel daughter named after Paul? Does Vin Diesel have a wife? Who is Dom Babymama? What happened to Vin Diesel stunt double? How much do stunt doubles make? What song did Vin Diesel sing for Paul Walker? Is Vin Diesel a singer? What nationality is Vin Diesel? Why did Vin Diesel name his daughter Pauline? What is the name of Vin Diesel daughter? How much is Paul Walker worth?
question	144	hold mesino acapulco
question	145	Is Angola rich or poor? What is the main export of Angola? How much oil does Nigeria have? How many barrels of oil does Angola produce? What is the dominant religion in Angola? How do you pronounce Angola? Is Luanda expensive? Does Angola have oil refineries? Is Angola a member of OPEC? Is Angola richer than Nigeria? Which country is the second largest oil producer in Africa? Where is Angola located? Where is the oil in Angola? What Angola is famous for?
question	146	What is considered poor in Canada? What is classified as low income in BC? Who qualifies for welfare in California? What does social welfare pay? How much is the average welfare check? Who is considered low income in Canada? How much money do you get on welfare in Canada? Can I get welfare if I live with my boyfriend? Who is poor in Canada? What qualifies you to be on welfare? How can I get free money from the government? How much does a person get on welfare in BC? What is a living wage in BC? How much does a single mother get on welfare in BC?
question	147	fire naphtha chennai
question	148	Does Guitar Center buy used drum sets? What is the best drum set for a beginner? Why did 38 Special have 2 drummers? What does a full drum set consist of? What is the top part of a drum called? What should I look for when buying a used drum set? How much is a beginner drum set? How much is a used drum set worth? What is a basic drum set? Can I learn drums on my own? How much space does a drum kit take? Are the drums easy to learn? How do I start drumming? Are drums hard to learn?
question	149	Can you have microwaves in dorm rooms? Can you have a toaster in a dorm? Are you allowed to cook in a dorm? How much money does college student need for food? What should college students cook? What do poor college students eat? What can I cook in my dorm room? Can you cook an egg in the microwave? What should you eat in college dorms? What every college student should have in their fridge? Does microwave cause cancer? Can you microwave rice? Can you cook meat in the microwave? What are some good microwave foods?
question	150	What should I wear in Egypt as a woman? What is the cheapest month to fly to Egypt? Can you take photos in Egypt? Is it safe to visit Egypt in 2019? Is Egypt good for family holidays? How much cash can I take to Egypt? Is drinking legal in Egypt? When should I visit Egypt? What can you not do in Egypt? Do you need visa to go to Egypt? How many days do you need in Egypt? Do I need a visa for Egypt? Is Egypt safe to travel to? What is the drinking age in Egypt?
question	151	How many pyramids are there in the world? Who actually built the pyramids? What does the pyramid stand for? What tools were used to build the pyramids? How many people died building the pyramids? How did the Egyptians build pyramids? Why are pyramids built in the shape of a triangle? Can you go inside the pyramids? When were the Egyptian pyramids built? Why pyramids are built? What does ka mean in Egyptian? How long would it take to build the pyramids today? How big is one block of the pyramid? What were the pyramids made of?
question	152	go finland
question	153	look for a job  glasgow
question	154	Which is the best Greek island to live on? Can I retire to Greece? Can you have dual citizenship in Greece? What is the average rent in Greece? Is it safe to live in Greece? Is Greece cheap to live? Is healthcare in Greece free? Can an American live in Greece? How do you get residency in Greece? How much money do you need to retire in Greece? How long can I live in Greece? What documents do I need to work in Greece? Can I buy property in Greece? What is retirement age in Greece?
question	155	Is Hawaii considered an international flight? Does my AT&T plan cover Hawaii? Does it cost extra to call Hawaii? Do cell phones work in Hawaii? Can you use your cell phone in Hawaii? Does Hawaii have AT&T coverage? Is Hawaii considered international for cell phones? Are calls to Alaska considered long distance? Can I use my AT&T cell phone in Hawaii? Does tmobile charge roaming in Hawaii? Does Sprint plan cover Hawaii? Is Hawaii considered long distance calling? Can I text someone from Hawaii? Is Hawaii covered by Verizon Wireless?
question	156	What can you do in the Himalayas? What is mountain trekking? How much does a trip to the Himalayas cost? Where is Himalayan salt from? What does Hindu Kush mean? Who lives in the Himalayas? How high are the Himalayas? When can you hike the Himalayas? What are the best treks in Nepal? What is the definition of Himalaya? How far is Himalayas from Delhi? How can I go to Himalayas from Bangalore? How do I get to Himalayas? How do you get to the Himalayas from Mumbai?
question	157	Does Iran have submarines? What countries support Iran? What did the US do to Iran? Does Iran have nuclear weapons? How many US troops are in Iraq? What started the Iran conflict? Is Iran military powerful? How many US soldiers died in Iraq? Who is Iran controlled by? Why did Iran attack US embassy? Why did we bomb Iran 2020? Why did US bomb Iraq? What countries are allies with Iran? Are Iraq and Iran allies?
question	158	What is Kansas City and where is it situated? What is Missouri known for? Is downtown Kansas City in Kansas or Missouri? What is Kansas is famous for? Is Kansas City more in Kansas or Missouri? Is Kansas a state in USA? Where exactly is Kansas City? Is Kansas City in Kansas or Missouri? Is it better to live in Kansas or Missouri? How far apart is Kansas City MO from Kansas City KS? What cities are in the Kansas City metro area? Why are there 2 Kansas cities? Is Kansas City located in two states? What cities are in two states?
question	159	get into a bar in kelowna kelowna
question	160	Can you smoke at Kings Island? How much did it cost to build Kings Island in 1972? Is Tasmania safe to visit? How much does it cost to get into Kings Island? How far is Kings Island from Columbus Ohio? What age is free at Kings Island? Does Meijer sell Kings Island tickets? How much are Kings Island tickets at Kroger? How can I save money at Kings Island? How much is a one day ticket to Kings Island? Who owns King Island? How much does it cost to get into Holiday World? Does Kings Island have fast passes? Are there snakes on King Island?
question	161	reach lake lake of the ozarks
question	162	Can you emigrate to Australia if you are over 50? What is skilled migration in Australia? Can I get PR if I buy property in Australia? What is the maximum age to immigrate to Canada? Which courses have PR in Australia? Which professions are in demand in Australia? How many points are required for Australian PR 2019? Do I need to stay in Australia after getting PR? Can you emigrate to Australia if you are retired? How long does it take to get PR in Australia? What is the cut off age for moving to Australia? Is Melbourne good place to live? How much does Australian PR cost? How can I move to Melbourne?
question	163	What is the ugliest city in the world? Which country has the fastest growing economy in Africa? Is Kenya better than South Africa? Where is the richest city in Africa? What is the richest African country? Which is the most intelligent country in Africa? What is the cleanest city in Africa? What is the safest city in Africa? Which is the richest country in the world? What is the nicest city in Africa? Which African country is most beautiful? Which is the richest country in Africa 2019? Is Kenya richer than Tanzania? Which African country is best to live in?
question	164	How big is the top of Mt Everest? Is Mount Everest always cold? What percent of Everest climbers die? How many dead bodies are in space? How long does it take to climb Mount Everest? Can a helicopter fly to the top of Mount Everest? What is the most dangerous part of Everest? How much does it cost to climb Mount Everest? Can you see dead bodies on Everest? How dangerous is it to climb Mount Everest? Can beginners climb Everest? How many dead bodies are on Mount Everest? Is Mt Everest a volcano? How much do Sherpas make?
question	165	How much cash can I bring to Korea? Can you fly to North Korea from UK? Is there a wall between North and South Korea? Are you allowed to visit North Korea? Is alcohol legal in North Korea? Do they have cell phones in North Korea? What is not allowed in South Korea? Is it legal to drink in public in Korea? What is main religion in North Korea? What are some customs in North Korea? How much does a North Korea tour cost? Why is tattoo illegal in Korea? Can a British citizen visit North Korea? Can you take pictures in North Korea?
question	166	stay at the carlton hotel prague prague
question	167	Is Punta Cana safe? Is booking .com safe? What the cheapest all inclusive vacations? Does all inclusive mean all you can eat? Does booking com have hidden fees? Does booking com All Inclusive include flights? Should I book flight and hotel together? How can I avoid getting sick in Punta Cana? Does booking com do flights? How do you save on all inclusive vacations?
question	168	What state has the most mountain ranges? What are the main geographical features of the Rocky Mountains? Where does the Rocky Mountains start? How far do the Rocky Mountains reach? What type of rock is the Rocky Mountains? Where are the Rocky Mountains mainly located? How many states does the Rocky Mountains cover? Where are the Rocky Mountains located? What landforms are in Rocky Mountain National Park? Why is the Rocky Mountains important? How old are Rocky Mountains? Are the Rocky Mountains in Arizona? What mountain ranges make up the Rocky Mountains? What the difference between a hill and a mountain?
question	169	How do I get to San Francisco airport? What should I know before flying internationally? Is Terminal 1 domestic or international? Is San Francisco safe at night? Is Terminal 3 International at SFO? Is San Francisco airport easy to get around? What airlines are in Terminal 3 at SFO? Is 2 hours enough time for international flight? Which terminal is the international terminal at SFO? Can you walk from Terminal 3 to international terminal at SFO? Does BART run 24 hours? Is Terminal 3 domestic or international? Can you sleep at San Francisco airport? How early should I get to SFO for an international flight?
question	170	What happens if you commit a crime in Saudi Arabia? What is the speed limit in Saudi Arabia? Can foreigners drive in Saudi Arabia? Is dating allowed in Saudi Arabia? Can I drive in Saudi with UK Licence? What side of the road do you drive on in Saudi Arabia? How many wives can you have in Saudi Arabia? Is Indian driving license valid in Canada? How many countries are right hand drive? What country has the youngest driving age? Is Saudi Arabia driving license valid in Europe? Can I take my Bible to Saudi Arabia? Does Japan drive on the left? Can you drive in Saudi Arabia with a US license?
question	171	Is South India developed? Is Maharashtra in South India? Is Pune north or south India? Which is the No 1 educated state in India? Is North India more developed than South India? Which is the richest state in India? Which is the richest city in South India? Is Tamil Nadu bigger than Karnataka? Which is the most developed state in south India? Which state is safest in India? Which state GDP is high in India? Is Kerala a rich state? Is Maharashtra north or south Indian? What is the main religion in South India?
question	172	get a greencard sudan
question	173	Do tourists have to wear hijab in Iran? What can you not do in Iran? Is Tehran Safe? How wealthy is Iran? Can tourists go to Iran? What is the famous food in Iran? What is the national dish of Iran? Can you drink alcohol in Iran? Are Americans allowed in Iran? Which city has the most tourism in Iran? Can Tourists drink alcohol in Iran? What is the most beautiful city in Iran?
question	174	Who is performing at the ball drop 2020? Where can I watch the ball drop in Times Square? What can we do in Times Square? Why do you kiss at midnight? Is BTS performing at Times Square? Who is performing at Times Square on New Year Eve? What time did BTS perform on New Year Eve? Can you leave Times Square on New Years Eve? What hotels can you see the ball drop in NYC? What channel can I watch the ball drop in NYC? Can you pee in Times Square on New Years Eve? What time is BTS performing at Times Square? How is New Years Eve in Times Square? Are there bathrooms in Times Square for New Years Eve?
question	175	How many country Nigeria can go without visa? Which countries is Nigeria visa free to? Which country Nigeria have free visa? How much is Nigerian visa? Can you drink the water in Trinidad? How long can you stay in Trinidad? How long does it take to get a Trinidad and Tobago passport? How many hours is it from Nigeria to Trinidad and Tobago? How far is Trinidad from Nigeria? Does a Nigerian need visa to Trinidad and Tobago? Do you need a visa to visit Trinidad and Tobago? Which country is visa free?
question	176	take deliveries west indies
question	177	How many weeks does it take to brew beer? What is the difference between a beer and a lager? Is Budweiser a lager beer? What are the ingredients of lager? What beer is the healthiest to drink? What is lagering process? Is it cheaper to brew your own beer? How lager beer is made? Is Ale healthier than lager? How cold is beer lager? Is Stella Artois a lager? How long should you lager a beer? How long does it take to make a lager? Is Blue Moon a lager?
question	178	Are pretzels German or Italian? Why are pretzels dipped in lye? What does a pretzel look like? Are pretzels a healthy snack? What makes a pretzel taste like a pretzel? Are pretzels Italian? Are pretzels healthier than chips? What does pretzel mean sexually? What is in a pretzel? What does a pretzel emoji mean? How do you eat pretzels? What country invented pretzels? Are pretzels boiled? Are pretzels religious?
question	179	cook beetroot
question	180	What can I use instead of boric acid? Is boric acid good for skin? How do you use boric acid powder? Is boric acid safe for humans? What is boric acid made out of? How do you make Borax with boric acid? Does gain have boric acid? What is the pH of boric acid? Is there boric acid in tide? What insects does boric acid kill? Is boric acid or borax better for killing ants? Is boric acid safe around pets? Is Borax the same as boric acid? Is Boric Acid a natural product?
question	181	make pancake buttermilk
question	182	Is playing chess good for your brain? What are the benefits of playing chess? How many times can you Castle in chess? Is chess related to IQ? Can we play chess online? Is chess hard to learn? What is the best online chess game? Can a pawn take a king? Can you beat a chess computer? How can I be good at chess? How do you play chess? Can a king Take a queen? Is Internet Chess Club free? Can I play chess alone?
question	183	fix chrysler neon
question	184	Can you buy clenbuterol in USA? Do steroids make you lose weight? Can you overdose on clenbuterol? Will clenbuterol show up on a drug test? Is clenbuterol illegal in Australia? Will clenbuterol burn belly fat? Is CLEN anabolic? Is CLEN illegal? Can clenbuterol cause shortness of breath? What is the half life of clenbuterol? What athletes use clenbuterol?
question	185	How do you clean a burnt copper pan? Does Brasso clean copper? Why is my non stick copper pan sticking? How do you make burnt copper shiny again? How do you remove oxidation from copper? How do you restore copper pans? How do you get black off copper pans? How do you clean copper bottom pans? How do you keep copper pots shiny? Why do eggs stick to copper pan?
question	186	Can you buy raw milk in UK? Why do people drink raw or unpasteurised milk? Does freezing raw milk kill bacteria? Can you buy raw milk? Can you drink milk straight from the goat? Is it safe to drink raw cow milk? Can you drink milk straight from a cow udder? How many people have died from raw milk? Does heating raw milk destroy nutrients? Does raw milk taste different? How long is raw milk good for? What states is it illegal to drink raw milk? Does boiling raw milk kill bacteria? Why is raw cow milk illegal?
question	187	Is Diet Coke good for weight loss? What Better Diet Coke or Coke Zero? Can you lose weight by not drinking diet soda? Does Coke Zero make you gain weight? What happens when you drink Diet Coke? What drink helps you lose weight fast? What is the safest diet soda to drink? Does aspartame cause weight gain? What does drinking diet soda do to your body? Which soda has the most sugar? What happens when you quit soda? How bad is Diet Coke for you? Why is Coke Zero bad for you? Is Diet Coke better for you?
question	188	Is tomato juice good for diabetics? How bad is diet soda? What drinks are OK for diabetics? Is Diet Coke worse than coke? Can diabetics drink orange juice? What diet soda does to your body? What happens when you stop drinking soda? Can diabetics drink Coke Zero? Can I drink diet soda if I have diabetes? Can diabetics eat potato chips? Is Honey Good for fasting? Can I chew gum while intermittent fasting? Does diet soda break ketosis?
question	189	switch off ethernet hub
question	190	buy ford aerostar
question	191	How long is a double French horn? How high can a French horn play? How French horn is played? What is the hardest brass instrument to play? How long is a French horn? Can French horn play jazz? What do you call a French horn player? Who is the best French horn player? How do you make a French horn? Is French horn higher than trumpet? Are French horns in marching bands? Why do you put your hand in the French horn? What pitch is a French horn? Is the French horn difficult to play?
question	192	drive a manual transmission gear stick
question	193	How do you refrigerate mutton? How long can you freeze mutton? Is there a demand for goat meat? Can you eat 2 year old frozen meat? How can you tell if meat is spoiled? How do you keep meat fresh? Where do you store meat in the refrigerator? What causes meat to spoil? Can you store raw meat in Tupperware? How do you store meat without a refrigerator? Why is goat meat so expensive? What meat does not need refrigeration? How long can you keep raw mutton in the fridge? How long can you keep goat meat in the fridge?
question	194	What is the best small guitar amplifier? What is the best guitar amp for home use? Do tube amps sound better? What is a good electric guitar amp? What is a combo amp for guitar? Is 50 watts enough to gig? What is a good starter amp for electric guitar? What is the best cheap guitar amp? What is the best guitar amp for the money? What is the best guitar you can buy?
question	195	Is it bad to sit under dryer? How do I get perfect hair? What are the side effects of hair dryer? Is air drying hair bad? Does cold hair dryer damage hair? Can hairdryer straighten hair? Is it good to use a hair dryer? What is the price of hair dryer? Why do we use hair dryer? How can I have healthy hair?
question	196	Can you pawn a Michael Kors purse? Does Rebag sell authentic bags? Where can I buy authentic designer bags online? Is the RealReal authentic? What is the cheapest designer bag? What is the most popular tote bag? Does Louis Vuitton have a trade in program? How can you tell if it is a real Louis Vuitton bag? What do pawn shops buy? How big is a tote bag? Can you finance Louis Vuitton? Where can I sell used handbags? Is a tote bag a handbag? Do pawn shops buy coach bags?
question	197	How many hard disk can be connected to a system? How do you remove a hard drive from a computer? How do you reformat a hard drive? Where is the hard drive located in a computer? What do you mean by hard disk? How do you connect a hard drive to a computer? Can we connect laptop to CPU? How do I plug my laptop into my TV? How do I connect my desktop hard drive to my laptop? How do I connect SATA hard drive to laptop? How can I connect my hard drive to my TV? How can I format my hard drive to fat32? Can you use a desktop external hard drive on a laptop?
question	198	hear baby s heartbeat heart rate monitor
question	199	download hollywood video
question	200	Do hybrids need oil changes? What happens when a hybrid car runs out of battery? Which is better hybrid or electric car? Can you still drive a hybrid without the battery? What is full hybrid vehicle? How long do the batteries last in a hybrid car? How many volts does a hybrid car have? What is the difference between a mild hybrid and a full hybrid? How many hybrids are on the road? Are Hybrid Cars Worth It? What makes a car a hybrid? What is better a hybrid or plug in hybrid? Can hybrid cars run on gas only? What are the problems with hybrid cars?
question	201	How do I find my Windows username and password? How do I get my Mac to recognize my printer? Can I open Mac Word documents with a PC? How do I enable AirPrint? Can you transfer files from PC to Mac? How do you find your IP address on Windows? How do you remote into a Mac from a Windows PC? How do I connect PC to Mac? How do I convert Mac files to PC? Can Mac files be opened on PC? Can I connect Windows laptop to iMac? How do I find a computer on my network Mac? Can I connect Mac hard drive to PC? How do I share files between Mac and PC?
question	202	rent a jet ski jet ski
question	203	Is laundry detergent toxic? Is powdered laundry detergent better than liquid? Does it matter what laundry detergent you use? Is Persil better than Tide? Is Persil owned by Tide? What are the top 10 laundry detergents? What is the best cheap laundry detergent? How do I get my laundry to smell really good? Can I wash clothes without detergent? What is the best smelling laundry detergent? How do you wash clothes with powder detergent? Can laundry detergent stain clothes? Can you put detergent directly in the washer? What the best detergent for washing clothes?
question	204	Do they still make the Lincoln Town Car? What is a town car service? What year did they stop making the Lincoln Town Car? What is Towncar? Are Lincoln Town Cars good cars? How many miles do Lincoln Town cars last? Is Lincoln Town Car front wheel drive? Why did Lincoln stop making the Town Car? How long is a 1988 Lincoln Town Car? Is Lincoln made by Ford? How long is a 1986 Lincoln Town Car? Who made Lincoln cars? What replaced the Town Car?
question	205	How do I upgrade my Mac to the latest version? Can I upgrade the hard drive on my MacBook Pro? Is 128gb MacBook air enough? Is 256gb SSD enough for MacBook Pro? Can you upgrade the SSD on a MacBook Pro? What the best SSD for MacBook Pro? Can Apple upgrade my hard drive? Can I upgrade SSD on MacBook Pro 2016? How do I update my old MacBook? Can I upgrade SSD on MacBook Pro 2015?
question	206	Why is Marmite not vegan? Can you eat too much Marmite? Why is Marmite banned? How many calories are in a teaspoon of Marmite? Is there any meat in Marmite? Is there caffeine in Ovaltine? Is Marmite sold in the US? Does Marmite taste like Vegemite? Does Marmite give you energy? What is the difference between Marmite and Bovril? Why is Marmite banned in Canada? Is Ovaltine really good for you? Is Marmite good or bad for you? Does Marmite taste good?
question	207	make mentos react with coke mentos
question	208	know metal gear solid
question	209	make dessert nutella
question	210	What is a pocket watch called? How do you open the back of a pocket watch? What are the best pocket watch brands? How much gold is in a gold filled pocket watch? What does Double Hunter pocket watch mean? Are old watches worth anything? How can I tell if my pocket watch is gold? What the fifth pocket for on jeans? What is the crown of a pocket watch? Does Rolex make a pocket watch? How much is a gold pocket watch worth? What is 17 jewels in watches? What is the most expensive pocket watch? What do pocket watches symbolize?
question	211	make faster porsche 911
question	212	How long does it take to install a window in a house? Are replacement windows worth the cost? What is the cost to install a window? How do you prepare a new window for installation? Does Lowes offer free window installation? What is the labor cost to install a window? How much does Home Depot charge to install a window? How long does window installation take? What is the average cost to replace windows in a home? Can you replace your own windows? Does installing new windows increase home value? How do you measure a replacement window? How do I install operating system? Do you install replacement windows from the inside or outside?
question	213	cut stained glass
question	214	How many amps is a car battery? Can you recharge a car battery? Can I leave car battery connected when charging? How long does it take to recharge a car battery? How many amps do I need to charge a 12 volt battery? Do car batteries recharge on their own? Will a car battery recharge if you let it sit? Why dont you connect the negative when jumping a car? Do you need to disconnect a car battery before welding? Will a trickle charger charge a dead battery? Can you charge a car battery overnight? Does revving the engine charge the battery? How long to leave car running after battery dies? Do I need to disconnect the car battery to charge it?
question	215	bake banana bread
question	216	serve barbecue sauce
question	217	buy a dvd camcorder camcorder
question	218	What happens if the central heating pump fails? How often should central heating radiators be replaced? How much does it cost to replace heating system? Should radiators be placed under Windows? Do central heating pumps wear out? Why is my heating pump so noisy? How much does it cost to replace radiators in house? How long should a central heating system last? Do modern radiators work better? Does changing radiators make a difference? How much does it cost to remove radiators? How long does it take to fit a new combi boiler? Do I need to replace radiators with new boiler? When should I replace my heating system?
question	219	What is a nice chardonnay? Is Chardonnay sweet or dry? Does chardonnay need to be refrigerated after opening? What goes good with chardonnay? Is 30 alcohol a lot? Can a glass of wine get you drunk? Can you get drunk off wine? How long does chardonnay last? What is a good inexpensive chardonnay? What is the alcohol content of Chardonnay? What is the most popular chardonnay? Is Chardonnay better than Pinot Grigio? Should you chill Chardonnay? What are the characteristics of Chardonnay?
question	220	remove mascara eye shadow
question	221	How do you remove glue from false eyelashes? How do you apply individual false eyelashes? How do you clean Lilly eyelashes? Do strip lashes ruin your eyelashes? How long do fake eyelashes last? Are eyelash extensions worth the money? Why do my eyelashes fall out one eye? Why does my eyelash hurt? Do fake lashes ruin real lashes? How do you safely remove eyelash extensions? Do eyelashes grow back after extensions? How do I remove an eyelash from my eye? Can you put on fake eyelashes with eyelash extensions?
question	222	Can you put lacquer over paint? What is acrylic lacquer paint? What is lacquer paint used for? Is lacquer expensive? Does lacquer paint need clear coat? Is clear lacquer same as clear coat? How do you use spray lacquer? What is the difference between acrylic and lacquer paint? Can oil paint go over lacquer? What is the difference between paint and lacquer? Is lacquer waterproof? Does lacquer turn yellow? Is lacquer a good finish for kitchen cabinets? Is lacquer shiny?
question	223	make lockheed c-5 galaxy
question	224	hold tea mason jar
question	225	Why is a freezer colder than a fridge? Can you eat 2 year old frozen meat? What is difference between freezer and fridge? What foods Cannot be frozen? How do I stop my fridge from freezing? How long do fridges last? Where is the freezer drain? Does chili taste good after being frozen? Why the fridge is not cold but the freezer is? What type of refrigerator is most energy efficient? What a deep freeze? Why is everything freezing in my refrigerator? Why does my refrigerator coils freeze up? Can you freeze food after being fridge?
question	226	look for the recipe  submarine sandwich
question	227	remove the door panel  volkswagen passat
question	228	Does lemon water slim you down? Does Apple Cider make you gassy? Can Apple cider vinegar affect kidneys? Does apple cider vinegar detox the body? What are the benefits of drinking apple cider? What does apple cider vinegar do to your hair? What are the side effects of drinking apple cider vinegar everyday? Is Cider good for your health? Can I drink apple cider vinegar everyday? How can I lose tummy fat fast? When should I take apple cider vinegar morning or night? What are the dangers of apple cider vinegar? When should I drink apple cider vinegar for weight loss? How do you drink apple cider?
question	229	How long a walk does a Labrador need? How much does it cost to keep a Labrador? Are Labradors dangerous? How often should you bathe a Labrador retriever? Are Labradors high maintenance? What is the most expensive dog? Are egg shells good for dogs? Are Labradors always hungry? How often should you wash your dog? What months do labs shed the most? What is the most annoying dog breed? How do you keep a Labrador dog? Why do labs stink? Do Labradors bark a lot?
